visit_id,patient_id,diagnosis_id,conducted_by_staff_id,test_type,test_cost,test_date,result
V00002,P0098,DX002,S006,malaria_test,1067.99,2026-04-01,pending
V00004,P0176,DX001,S006,urinalysis,3682.89,2026-06-22,negative
V00005,P0199,DX005,S006,urinalysis,4329.29,2026-05-23,positive
V00006,P0180,DX004,S006,urinalysis,2998.29,2026-03-31,positive
V00008,P0071,DX003,S006,urinalysis,2654.21,2026-06-19,negative
V00010,P0134,DX005,S006,urinalysis,2527.27,2026-04-27,pending
V00012,P0148,DX008,S006,urinalysis,4860.75,2026-06-19,negative
V00014,P0001,DX004,S006,blood_test,629.91,2026-07-07,pending
V00015,P0105,DX004,S006,urinalysis,1596.79,2026-02-12,pending
V00016,P0018,DX005,S006,xray,3109.66,2026-03-31,pending
V00021,P0066,DX008,S006,widal_test,2555.76,2026-07-09,negative
V00023,P0052,DX005,S006,urinalysis,4833.02,2026-02-22,positive
V00025,P0084,DX008,S006,urinalysis,2541.4,2026-06-25,pending
V00026,P0107,DX003,S006,xray,4557.63,2026-07-06,pending
V00028,P0142,DX004,S006,xray,1627.94,2026-03-14,positive
V00031,P0019,DX002,S006,urinalysis,2774.98,2026-02-09,negative
V00034,P0030,DX005,S006,blood_test,1200.11,2026-04-01,pending
V00035,P0114,DX002,S006,xray,746.52,2026-05-06,positive
V00040,P0165,DX006,S006,blood_test,3401.0,2026-07-01,positive
V00041,P0011,DX003,S006,widal_test,1633.98,2026-03-24,pending
V00042,P0022,DX006,S006,malaria_test,4780.26,2026-04-09,negative
V00048,P0096,DX002,S006,urinalysis,4913.69,2026-03-25,negative
V00050,P0095,DX007,S006,xray,1821.95,2026-05-11,positive
V00052,P0099,DX008,S006,blood_test,3810.54,2026-06-14,negative
V00060,P0185,DX008,S006,widal_test,2915.11,2026-04-10,positive
V00061,P0103,DX005,S006,xray,1758.74,2026-02-02,pending
V00067,P0102,DX005,S006,widal_test,3863.02,2026-04-18,positive
V00070,P0010,DX005,S006,widal_test,1780.53,2026-05-01,pending
V00072,P0048,DX004,S006,urinalysis,3891.9,2026-02-24,negative
V00080,P0134,DX001,S006,xray,1934.31,2026-03-17,negative
V00083,P0083,DX006,S006,widal_test,1908.15,2026-04-02,positive
V00088,P0063,DX002,S006,urinalysis,2987.16,2026-07-17,positive
V00089,P0085,DX001,S006,xray,3035.79,2026-06-13,positive
V00092,P0183,DX006,S006,urinalysis,3006.43,2026-07-01,pending
V00094,P0044,DX008,S006,widal_test,1632.65,2026-02-24,positive
V00097,P0040,DX008,S006,xray,4926.24,2026-05-08,pending
V00098,P0057,DX007,S006,xray,2673.17,2026-05-30,negative
V00099,P0182,DX002,S006,urinalysis,1543.35,2026-02-18,negative
V00101,P0181,DX006,S006,malaria_test,2179.88,2026-04-06,positive
V00104,P0199,DX001,S006,malaria_test,4148.16,2026-06-08,pending
V00105,P0053,DX005,S006,malaria_test,4832.47,2026-03-13,negative
V00108,P0087,DX008,S006,blood_test,4963.27,2026-06-09,negative
V00110,P0034,DX008,S006,blood_test,4946.7,2026-06-20,negative
V00114,P0153,DX002,S006,xray,4644.16,2026-02-07,positive
V00115,P0165,DX004,S006,blood_test,2540.17,2026-02-05,pending
V00116,P0036,DX006,S006,widal_test,2857.34,2026-07-18,negative
V00119,P0070,DX001,S006,widal_test,3980.87,2026-02-08,negative
V00121,P0001,DX005,S006,widal_test,918.62,2026-07-07,positive
V00121,P0001,DX001,S006,widal_test,4329.11,2026-07-07,negative
V00129,P0015,DX008,S006,malaria_test,2033.42,2026-03-20,positive
V00131,P0157,DX003,S006,malaria_test,3362.84,2026-03-17,positive
V00133,P0124,DX003,S006,xray,2973.48,2026-07-19,negative
V00137,P0055,DX002,S006,blood_test,4039.48,2026-03-10,pending
V00138,P0150,DX002,S006,malaria_test,3282.1,2026-02-14,pending
V00141,P0135,DX004,S006,blood_test,4631.14,2026-06-14,pending
V00142,P0032,DX008,S006,malaria_test,3413.21,2026-07-13,pending
V00143,P0175,DX003,S006,widal_test,2407.13,2026-01-22,negative
V00143,P0175,DX005,S006,xray,3413.04,2026-01-22,pending
V00146,P0143,DX003,S006,widal_test,1672.52,2026-03-07,negative
V00149,P0083,DX001,S006,malaria_test,793.79,2026-06-04,positive
V00150,P0112,DX008,S006,blood_test,2149.66,2026-07-14,pending
V00152,P0053,DX002,S006,urinalysis,1393.91,2026-07-16,positive
V00157,P0121,DX008,S006,urinalysis,4105.68,2026-05-26,negative
V00165,P0107,DX001,S006,widal_test,2519.67,2026-07-14,pending
V00165,P0107,DX008,S006,xray,1037.09,2026-07-14,positive
V00169,P0007,DX008,S006,urinalysis,4260.49,2026-06-01,positive
V00170,P0192,DX006,S006,malaria_test,4073.97,2026-07-14,pending
V00172,P0129,DX005,S006,urinalysis,2278.01,2026-02-16,pending
V00174,P0141,DX006,S006,malaria_test,1015.8,2026-02-10,pending
V00178,P0139,DX004,S006,xray,1131.67,2026-05-20,positive
V00179,P0092,DX004,S006,blood_test,3508.64,2026-01-30,pending
V00182,P0123,DX007,S006,xray,3165.56,2026-05-22,positive
V00186,P0195,DX005,S006,widal_test,2339.8,2026-07-17,positive
V00187,P0094,DX007,S006,widal_test,4948.29,2026-06-25,pending
V00189,P0156,DX005,S006,malaria_test,890.79,2026-01-29,negative
V00190,P0004,DX005,S006,xray,979.09,2026-07-19,positive
V00194,P0148,DX005,S006,widal_test,3601.45,2026-03-31,positive
V00196,P0070,DX004,S006,urinalysis,1850.15,2026-03-21,pending
V00196,P0070,DX002,S006,blood_test,1469.6,2026-03-21,negative
V00197,P0144,DX007,S006,xray,3091.53,2026-06-11,pending
V00198,P0199,DX005,S006,widal_test,3224.23,2026-05-14,negative
V00200,P0122,DX007,S006,blood_test,3446.75,2026-06-09,negative
V00202,P0135,DX008,S006,blood_test,500.42,2026-07-02,positive
V00204,P0116,DX001,S006,malaria_test,3718.38,2026-03-30,pending
V00205,P0080,DX001,S006,urinalysis,4227.13,2026-05-27,positive
V00207,P0112,DX005,S006,blood_test,4859.76,2026-04-13,pending
V00208,P0064,DX006,S006,xray,4061.6,2026-03-01,positive
V00211,P0134,DX003,S006,urinalysis,2866.2,2026-07-07,pending
V00212,P0054,DX002,S006,widal_test,4074.12,2026-07-06,positive
V00213,P0046,DX006,S006,xray,4961.58,2026-06-11,negative
V00214,P0156,DX005,S006,blood_test,1851.5,2026-03-22,positive
V00215,P0131,DX008,S006,xray,4630.47,2026-06-11,pending
V00219,P0035,DX004,S006,blood_test,3522.86,2026-05-23,negative
V00220,P0079,DX008,S006,blood_test,3828.12,2026-03-04,positive
V00223,P0167,DX002,S006,urinalysis,3849.76,2026-04-28,positive
V00225,P0149,DX005,S006,malaria_test,1929.19,2026-06-07,positive
V00234,P0009,DX002,S006,malaria_test,3524.41,2026-07-09,pending
V00235,P0149,DX005,S006,widal_test,2871.74,2026-04-22,pending
V00236,P0162,DX005,S006,widal_test,4906.66,2026-06-04,positive
V00237,P0158,DX006,S006,widal_test,1851.28,2026-05-06,pending
V00238,P0146,DX003,S006,widal_test,797.96,2026-06-26,positive
V00242,P0052,DX006,S006,widal_test,3083.37,2026-03-10,positive
V00245,P0179,DX008,S006,widal_test,2653.93,2026-05-19,positive
V00247,P0112,DX004,S006,widal_test,2997.89,2026-06-14,negative
V00248,P0198,DX001,S006,xray,4564.65,2026-04-27,pending
V00250,P0014,DX005,S006,widal_test,3702.98,2026-01-20,negative
V00252,P0117,DX008,S006,blood_test,4902.05,2026-07-17,pending
V00253,P0037,DX002,S006,xray,4091.44,2026-06-03,negative
V00255,P0022,DX005,S006,xray,1285.76,2026-02-21,pending
V00256,P0153,DX007,S006,urinalysis,2294.35,2026-02-28,negative
V00257,P0122,DX007,S006,urinalysis,3553.22,2026-03-28,pending
V00258,P0111,DX005,S006,urinalysis,3979.18,2026-06-25,pending
V00262,P0068,DX004,S006,urinalysis,584.44,2026-03-06,negative
V00266,P0185,DX008,S006,urinalysis,4582.3,2026-01-30,pending
V00267,P0079,DX002,S006,blood_test,4120.04,2026-02-13,negative
V00269,P0095,DX001,S006,blood_test,528.57,2026-06-10,positive
V00270,P0198,DX005,S006,malaria_test,1028.79,2026-05-21,pending
V00272,P0195,DX001,S006,urinalysis,3167.18,2026-05-16,negative
V00275,P0134,DX008,S006,xray,4542.13,2026-05-25,negative
V00280,P0178,DX008,S006,widal_test,4812.15,2026-02-05,positive
V00280,P0178,DX001,S006,malaria_test,2733.48,2026-02-05,positive
V00281,P0034,DX001,S006,urinalysis,3170.11,2026-05-21,pending
V00282,P0079,DX006,S006,malaria_test,1225.65,2026-03-04,positive
V00284,P0082,DX006,S006,blood_test,1127.4,2026-02-28,pending
V00284,P0082,DX008,S006,xray,4283.95,2026-02-28,negative
V00286,P0171,DX007,S006,urinalysis,4116.58,2026-04-22,negative
V00291,P0093,DX001,S006,xray,3260.43,2026-02-13,pending
V00292,P0080,DX008,S006,widal_test,1064.05,2026-07-15,positive
V00296,P0122,DX002,S006,widal_test,1056.27,2026-04-23,positive
V00298,P0173,DX002,S006,xray,4899.07,2026-05-25,pending
V00301,P0005,DX002,S006,urinalysis,3938.05,2026-01-28,pending
V00301,P0005,DX004,S006,widal_test,1942.17,2026-01-28,positive
V00305,P0087,DX008,S006,xray,1312.7,2026-03-30,positive
V00307,P0042,DX002,S006,xray,4960.82,2026-03-26,negative
V00309,P0135,DX005,S006,urinalysis,2337.69,2026-03-25,pending
V00311,P0113,DX007,S006,urinalysis,2619.91,2026-06-30,negative
V00315,P0053,DX008,S006,malaria_test,2163.37,2026-03-09,pending
V00317,P0065,DX007,S006,malaria_test,903.42,2026-05-29,pending
V00318,P0128,DX005,S006,blood_test,1350.14,2026-04-01,positive
V00319,P0144,DX003,S006,widal_test,1312.95,2026-05-24,positive
V00320,P0002,DX002,S006,urinalysis,2181.01,2026-06-03,positive
V00322,P0155,DX003,S006,widal_test,3412.26,2026-04-27,pending
V00327,P0077,DX008,S006,blood_test,559.87,2026-04-10,pending
V00328,P0159,DX007,S006,malaria_test,2461.05,2026-06-26,pending
V00330,P0075,DX008,S006,widal_test,4517.95,2026-01-29,negative
V00331,P0179,DX004,S006,widal_test,4081.88,2026-05-11,positive
V00340,P0029,DX006,S006,urinalysis,1840.83,2026-02-04,pending
V00347,P0147,DX002,S006,xray,2847.89,2026-06-30,negative
V00351,P0017,DX004,S006,malaria_test,3933.4,2026-05-23,pending
V00352,P0129,DX003,S006,xray,1801.62,2026-03-13,positive
V00353,P0098,DX005,S006,widal_test,903.72,2026-04-19,pending
V00358,P0029,DX004,S006,xray,3780.04,2026-04-01,negative
V00359,P0144,DX007,S006,malaria_test,2006.18,2026-05-16,pending
V00360,P0064,DX002,S006,blood_test,3166.39,2026-03-11,pending
V00361,P0014,DX007,S006,blood_test,2198.28,2026-04-15,pending
V00363,P0087,DX006,S006,xray,1066.92,2026-07-05,pending
V00364,P0036,DX007,S006,xray,3138.98,2026-01-31,pending
V00365,P0051,DX006,S006,xray,1848.34,2026-03-12,negative
V00366,P0164,DX004,S006,malaria_test,4217.38,2026-03-18,positive
V00367,P0113,DX001,S006,widal_test,4313.9,2026-03-10,positive
V00369,P0034,DX006,S006,widal_test,1612.27,2026-03-09,pending
V00371,P0052,DX005,S006,urinalysis,2805.18,2026-05-15,negative
V00373,P0086,DX005,S006,widal_test,4200.39,2026-03-11,negative
V00379,P0129,DX001,S006,xray,4456.58,2026-07-14,negative
V00381,P0185,DX002,S006,urinalysis,620.23,2026-03-16,pending
V00383,P0026,DX007,S006,malaria_test,1475.03,2026-03-06,positive
V00384,P0134,DX005,S006,widal_test,4192.37,2026-07-03,pending
V00385,P0043,DX002,S006,widal_test,1281.3,2026-03-03,negative
V00387,P0195,DX001,S006,widal_test,1563.78,2026-07-15,negative
V00388,P0039,DX004,S006,malaria_test,2926.9,2026-04-26,pending
V00390,P0033,DX004,S006,malaria_test,2408.08,2026-02-12,pending
V00392,P0079,DX008,S006,malaria_test,1196.26,2026-05-16,positive
V00397,P0037,DX006,S006,malaria_test,4141.3,2026-03-29,positive
V00398,P0163,DX007,S006,blood_test,3135.41,2026-03-03,negative
V00400,P0085,DX007,S006,widal_test,2533.63,2026-02-14,pending
V00402,P0050,DX002,S006,blood_test,2457.02,2026-02-25,pending
V00403,P0066,DX006,S006,xray,4848.12,2026-07-09,negative
V00404,P0088,DX002,S006,urinalysis,1938.39,2026-06-20,negative
V00406,P0177,DX006,S006,urinalysis,3773.28,2026-02-20,negative
V00408,P0034,DX005,S006,malaria_test,1481.61,2026-04-12,pending
V00409,P0015,DX001,S006,xray,4795.5,2026-02-13,pending
V00412,P0167,DX002,S006,xray,1428.03,2026-02-20,positive
V00413,P0140,DX001,S006,xray,2921.94,2026-03-04,positive
V00414,P0035,DX005,S006,urinalysis,2552.3,2026-06-23,negative
V00415,P0069,DX003,S006,widal_test,4591.6,2026-07-01,negative
V00419,P0118,DX005,S006,xray,4683.15,2026-03-07,positive
V00423,P0077,DX003,S006,malaria_test,2618.14,2026-04-20,negative
V00426,P0064,DX003,S006,malaria_test,2632.52,2026-06-27,positive
V00427,P0163,DX007,S006,malaria_test,2418.36,2026-02-27,pending
V00429,P0048,DX005,S006,xray,3967.09,2026-03-25,positive
V00433,P0075,DX004,S006,blood_test,1220.01,2026-01-31,positive
V00434,P0135,DX005,S006,malaria_test,1716.96,2026-03-27,positive
V00434,P0135,DX006,S006,widal_test,874.61,2026-03-27,pending
V00435,P0084,DX004,S006,urinalysis,1492.88,2026-02-03,negative
V00435,P0084,DX006,S006,widal_test,1167.5,2026-02-03,negative
V00436,P0146,DX001,S006,blood_test,3759.38,2026-05-25,positive
V00437,P0004,DX002,S006,malaria_test,1126.54,2026-07-03,pending
V00440,P0027,DX006,S006,blood_test,3220.28,2026-04-02,positive
V00442,P0123,DX005,S006,urinalysis,2407.24,2026-02-06,pending
V00444,P0053,DX003,S006,widal_test,4319.38,2026-01-24,positive
V00448,P0175,DX006,S006,urinalysis,2648.37,2026-05-16,pending
V00450,P0146,DX008,S006,widal_test,538.15,2026-06-13,negative
V00454,P0023,DX008,S006,urinalysis,2340.65,2026-02-07,pending
V00457,P0121,DX001,S006,widal_test,2322.81,2026-02-26,negative
V00460,P0163,DX004,S006,xray,4185.73,2026-05-15,positive
V00463,P0190,DX005,S006,widal_test,4283.46,2026-05-01,pending
V00468,P0032,DX003,S006,malaria_test,2258.6,2026-02-16,negative
V00469,P0176,DX007,S006,widal_test,2677.6,2026-05-07,pending
V00470,P0050,DX003,S006,malaria_test,1704.16,2026-06-24,negative
V00473,P0105,DX002,S006,widal_test,1152.68,2026-04-05,negative
V00475,P0082,DX008,S006,urinalysis,1779.65,2026-03-11,negative
V00476,P0121,DX005,S006,urinalysis,4319.03,2026-02-13,positive
V00481,P0159,DX004,S006,widal_test,4781.73,2026-05-31,pending
V00484,P0014,DX002,S006,widal_test,3366.05,2026-01-29,pending
V00485,P0123,DX002,S006,urinalysis,2003.24,2026-04-08,positive
V00488,P0097,DX008,S006,widal_test,1891.95,2026-07-02,positive
V00488,P0097,DX005,S006,urinalysis,3564.15,2026-07-02,pending
V00489,P0076,DX005,S006,blood_test,2436.45,2026-01-23,pending
V00490,P0129,DX005,S006,malaria_test,4152.69,2026-07-09,pending
V00490,P0129,DX002,S006,widal_test,1110.61,2026-07-09,pending
V00491,P0140,DX007,S006,widal_test,2767.17,2026-03-07,pending
V00492,P0119,DX007,S006,blood_test,3899.01,2026-01-27,negative
V00493,P0028,DX006,S006,xray,935.89,2026-04-15,positive
V00497,P0100,DX003,S006,urinalysis,4831.5,2026-05-31,pending
V00498,P0083,DX007,S006,malaria_test,934.43,2026-06-19,positive
V00499,P0188,DX003,S006,urinalysis,1099.47,2026-03-21,pending
V00499,P0188,DX006,S006,malaria_test,2453.28,2026-03-21,pending
V00501,P0060,DX005,S006,urinalysis,3283.9,2026-02-02,pending
V00503,P0145,DX002,S006,urinalysis,2649.17,2026-06-25,positive
V00504,P0175,DX001,S006,malaria_test,1544.15,2026-07-14,pending
V00505,P0004,DX003,S006,blood_test,1625.89,2026-03-24,pending
V00506,P0094,DX005,S006,malaria_test,661.4,2026-06-10,positive
V00507,P0070,DX002,S006,urinalysis,584.82,2026-04-01,negative
V00509,P0194,DX007,S006,malaria_test,4584.71,2026-01-27,negative
V00511,P0123,DX002,S006,malaria_test,1523.39,2026-07-02,positive
V00512,P0176,DX001,S006,xray,3732.44,2026-05-29,pending
V00514,P0105,DX005,S006,widal_test,4686.39,2026-07-05,pending
V00519,P0047,DX007,S006,malaria_test,2817.04,2026-05-16,pending
V00521,P0190,DX003,S006,urinalysis,2207.19,2026-05-11,negative
V00525,P0030,DX004,S006,widal_test,2540.59,2026-04-20,pending
V00526,P0111,DX001,S006,malaria_test,3530.06,2026-02-14,negative
V00527,P0051,DX004,S006,widal_test,4283.11,2026-07-01,negative
V00527,P0051,DX001,S006,blood_test,1292.87,2026-07-01,negative
V00528,P0124,DX001,S006,urinalysis,2261.2,2026-05-25,negative
V00533,P0156,DX001,S006,xray,1753.51,2026-04-09,negative
V00539,P0119,DX003,S006,xray,2609.12,2026-03-14,positive
V00539,P0119,DX002,S006,widal_test,3329.7,2026-03-14,positive
V00543,P0112,DX006,S006,widal_test,923.49,2026-07-05,negative
V00545,P0183,DX003,S006,malaria_test,4575.76,2026-02-28,pending
V00547,P0161,DX004,S006,malaria_test,1755.34,2026-01-25,pending
V00552,P0063,DX008,S006,widal_test,4489.68,2026-03-25,pending
V00553,P0086,DX003,S006,malaria_test,2464.47,2026-02-02,pending
V00555,P0172,DX003,S006,blood_test,3405.1,2026-06-19,positive
V00556,P0168,DX005,S006,urinalysis,4115.98,2026-03-07,positive
V00558,P0099,DX006,S006,urinalysis,2151.97,2026-07-11,pending
V00559,P0007,DX006,S006,malaria_test,3770.54,2026-06-07,pending
V00560,P0188,DX006,S006,urinalysis,2303.33,2026-06-03,positive
V00564,P0147,DX006,S006,widal_test,1813.2,2026-02-09,negative
V00566,P0046,DX006,S006,widal_test,2760.37,2026-03-01,pending
V00569,P0042,DX004,S006,malaria_test,3099.21,2026-05-17,negative
V00571,P0011,DX008,S006,widal_test,3389.16,2026-04-23,positive
V00573,P0122,DX003,S006,xray,1863.3,2026-05-12,pending
V00574,P0104,DX005,S006,xray,4607.16,2026-05-22,positive
V00576,P0063,DX005,S006,xray,3927.56,2026-03-19,negative
V00578,P0029,DX008,S006,xray,1718.34,2026-05-13,pending
V00581,P0197,DX003,S006,urinalysis,3034.79,2026-05-01,negative
V00582,P0197,DX004,S006,xray,2763.25,2026-03-31,negative
V00582,P0197,DX002,S006,widal_test,3752.82,2026-03-31,pending
V00583,P0181,DX007,S006,widal_test,2920.53,2026-05-24,negative
V00584,P0199,DX008,S006,malaria_test,1328.63,2026-05-05,negative
V00585,P0066,DX007,S006,widal_test,3086.67,2026-06-23,pending
V00591,P0107,DX006,S006,widal_test,4264.41,2026-03-09,negative
V00591,P0107,DX004,S006,blood_test,1133.31,2026-03-09,positive
V00593,P0042,DX007,S006,urinalysis,709.25,2026-01-27,negative
V00596,P0109,DX001,S006,urinalysis,4967.14,2026-04-25,negative
V00599,P0039,DX005,S006,urinalysis,1834.23,2026-06-13,pending
